x,y
-3.774072692456847,1.3590860847522814
9.887368251916527,-1.1421975192407372
5.488261654555593,-2.104871195138909
-6.686076565378216,-0.9465064056727897
-6.675796910983147,-1.0781144269825562
4.753222785258824,-4.377322614797654
-8.9721389921934,0.2261294327847141
-6.206479160596059,-1.078413680126601
-3.7339464258370896,1.0195550345419713
4.076354894180945,-2.8895939457529236
-0.8852668138875881,-1.9942154223852802
2.978427867854869,0.12261567564111445
6.313259524697692,0.3113092327866459
4.379111434796375,-2.025233518403335
-0.7707216363653497,-1.4883883050298683
-1.0577147635655226,-1.9968601788803964
3.3765699169115404,-3.053666699862419
2.7162310416403397,0.8621450618045939
5.006094786425292,-2.7014489979498277
-0.3380682422459387,-0.6068828762770551
-2.2774521820605242,-2.5732205656139127
-0.24422629014190989,-1.085260123904935
-8.43133282553511,-0.5730716334797856
-0.39389792611970265,-0.973218481307296
-8.03620828726254,-1.4311048691637542
-9.679558149311783,-1.3371118259998367
1.8683673041333506,2.180041939279028
5.266661295149326,-0.7246895930851964
7.634031372528341,2.8105780724381644
2.5496810676520063,0.018547189040431622
2.4316431541187775,1.1636915844006275
-6.836310037053339,-1.683110688316917
-4.5234491011791516,2.086086342213436
5.570099089690778,-1.222145115715528
-1.0750857687081279,-1.0226521057954578
8.888693465608746,1.6342064350970333
4.031523960820158,-0.5728980947252085
2.9785158432650363,1.2558842737884701
0.9903239695375667,1.9458703105140502
9.157134858237043,-0.22437923866023257
6.8914595637843945,-0.3922695856363172
0.6219310463767886,1.8644302974897922
0.9081586843240537,0.8909549548857364
5.574034940613341,-0.4633095525638369
-3.340713095265368,-0.5654152007407274
-7.535307008945782,-2.1693344271693324
-0.11139789156684543,-1.2723982527183175
-2.3730076416549846,-2.24064659928545
-7.298159406535336,-1.5339235231077524
4.378794377885702,-2.464864611448995
-2.3888175676005385,-1.35407984692029
-1.0806110289958575,-2.694801082277092
6.841601283491553,1.3325908115176914
3.127405346255852,-0.29324350879874994
3.12750137186735,-0.5172467107751524
5.051171845078315,-1.4053934782308657
3.2957228111082433,0.2366224109341249
-8.791250433902594,-3.368655319545878
-3.6372817249356775,1.4989427660473984
1.1275485783458787,1.7881694425501409
-5.767899409674273,0.27472416974571867
6.476632731113476,-0.19466527041363452
5.3699925229113,-1.025465181708348
-8.216732977987302,-2.0692020121317976
1.2292256508436985,3.111162815499338
-6.483833314176777,-1.7079462412295732
-7.218681383599841,-0.9122189685594698
2.874350133347626,-1.187771068127668
8.621992146750628,1.4215593203188381
3.0171800576581482,0.4110376219297541
-5.38555771234849,1.5308098517792457
3.211790548284064,-0.5132633206172192
7.580821198162745,0.8720822637475458
9.822525309183948,-0.5675336811958962
-8.6008699570033,-0.8367721746733394
0.22862490337145402,-1.6631444712935797
3.013038584625832,0.2623900717282299
-8.295531180650283,-3.34777775869944
2.095414573493139,1.2009758187615898
-0.8507154455801853,-0.8938164700640686
-8.657846528297352,-0.9872643310150836
-7.186244242016273,-2.6072229343134876
4.651650235711937,-1.8572802646959765
2.664203655941259,1.126746708186741
-4.335908583685876,2.4962411729451586
-5.2023459521507665,0.8242789364007325
-1.2857892559127073,-2.5084534343802707
3.2887225973069523,1.084335247572933
6.361721384433899,-0.0030589555623587728
7.456738328048793,1.2685458429084675
1.6352363667442837,0.5122277834562221
7.214287296453183,2.17234338933414
2.6241915445590323,1.7531387280065818
-0.019223053060109407,0.08453898285113437
-2.595972966656248,-1.523484063361773
6.920267650172029,2.9357957036748585
2.382121399914327,2.026986329264793
0.8165184566880512,2.0051107440101066
0.13988410518863148,1.1498486241158146
3.43782128145493,-0.6176864070266261
8.07488953325868,1.4684702813798092
-1.7442527083407704,-1.9238848088999256
8.142770921878185,1.593175957142983
-9.484619577718831,0.4314252264457088
-3.459699860465082,1.6538405769780122
9.911744908674287,0.1794869269854843
-9.889104101667153,0.5096169973446747
1.8620605360745301,2.263901764880483
1.7129896167774028,4.432401597031138
-3.660321011441896,1.1717113562383359
-0.4235395128680608,0.4855369275325181
-1.7470454431863924,-2.199366641993367
-3.5765808008261164,2.272445768826722
-4.588458846923822,2.8704700504163903
-6.300273416734187,-0.14475199105459977
0.18081218322702242,0.3934557457252409
-1.9058916601048193,-1.5015475165671506
0.23266648469522977,0.8666821740554698
2.1973743800879113,1.3966722981094084
6.402346112638522,-0.13722591222680833
-1.66793889850792,-1.6453834038180013
-8.291853497861322,-2.1477991284417417
-2.1368543426930398,-2.215261532407962
7.8359331721624415,1.7564623346902364
6.979706473598974,1.948526793383791
4.771259472755409,-2.18652854467269
0.3867222026008257,0.137942084210967
8.626061330551703,1.2392402882442182
0.173428304539458,0.6843794514608506
9.08775312252244,0.9869473811607783
-0.02137120742716192,0.21262353976347287
-7.507552926978125,-1.6314256876658222
0.18375813931442053,0.7641454100835422
2.553292121498277,2.002449184954322
4.1032454091149155,-1.9496319360097227
-5.744652762431228,3.4224657998122376
-0.61716495425628,-0.5617513882012675
-5.740228435912254,1.4272012960387996
9.583290008731879,0.6427859594108976
9.481913360137227,-0.21626198203380537
2.0785357285350674,0.8339021235621012
-1.7247030236086207,-1.4114707675019442
-1.3245408405225803,-2.418135315282941
8.156595552427305,-0.5892523476183864
-4.166539297182936,-0.3658903346785656
4.691237692355472,-3.292356220441637
8.71618230100768,-0.9405645928351691
-8.994532337985262,-0.2645630942011674
0.7355184831463806,1.9815658489940446
1.7502989872740002,1.8085147494986522
0.8408893638014057,2.6440514924088103
7.3229361008985485,1.8989098498421275
7.330091641000077,3.0550295218989136
-7.365152798407239,-1.2004151843613018
8.438330604619928,3.2042887071763353
5.199958549006023,-0.5996182042817035
-2.685890108671238,-0.29061625080827747
2.4084397544820852,2.135774930172272
-6.516727227715295,0.196246390832382
0.37878922101279855,1.9072005198136246
-5.904282259538782,1.3106109414470584
-9.179525740160228,-0.5654361790825218
-9.854838880677857,1.9618974752109768
9.027569542135943,1.0137463390672106
-2.406740027507997,-1.3948635133711687
-9.474926009725293,-0.3825206467614523
-6.623905037477056,-1.8349103526396575
-3.689453150334403,1.5170479966718604
5.1869583607103635,-0.5947937500330633
-8.473620840402976,-2.982848680586268
-1.5056304926581827,-0.5111305148502006
9.814921490784116,0.39071625998627746
-3.320728568485194,1.0479257230928822
-5.733472110753914,3.6342807960700223
7.7686068371365735,2.2238722984993706
5.402322092897196,-2.785563198921552
4.041576829479636,-0.42351162841900525
-4.766440463820936,0.590480884482407
-8.234118140293427,-2.4963539043283727
2.708870871412559,0.9091351450338118
4.532539396344228,-2.0445557539902914
-9.466502828721875,-0.3359587359242297
-5.547590782625691,0.2093640916156727
-4.213808358014717,2.6448720402701804
-2.2984907410694833,-1.008578831275969
7.541418336640206,1.9043185159729739
4.266211508334765,-0.7893380775640193
1.8455405618996537,1.9162010504677578
4.450683616264925,-1.2233762232603274
-6.310923155968653,0.36336949411146785
-6.960567478252823,-0.7583724758033646
0.8392935343548036,2.3558184768644836
-3.6112240916110334,3.0548720816021233
-9.461712782734848,0.6126592734912267
1.2124324128064075,2.5555698279684056
1.8327259043973037,0.8032522814100065
0.6652132757720608,0.9098361129370373
3.6902238405857233,0.9517408680153017
-3.7470804719443844,1.9058845386509815
6.976450835947855,-0.9155816931881708
8.69597227431261,1.2525073128871682
-5.598458846680727,2.320778929383829
5.021573358305611,-2.7932875878684755
6.333901477258614,0.3672658763603736
-2.2378333783685056,-1.5989225655099035
-5.1626530184205555,0.49011152025781035
4.634183668069227,-1.582149206729199
-3.677352180156359,-1.0244998815950452
-8.406132038003083,-2.801444195720848
3.6389483463889007,0.3642118661227367
-8.298595346782903,-2.4498568094729194
0.9963541243368645,1.1699809090674351
-9.43426921789148,1.2073920208920055
8.185476206168484,-0.18780990082469762
-7.635947452846952,-3.495420887812747
-5.414091696077634,1.0502568897723525
8.597000615936814,2.3334769637362656
8.3619733054005,1.3803810558479122
1.1504532940733032,3.952024567993461
-9.396104947710322,-2.3484962247328207
1.4172378501058436,3.3873369542135547
-5.789311256345497,0.3155438048794569
-1.0097583456926724,-2.4820571799810622
-5.600932564616425,2.739558542375753
3.180435889095799,0.1379751415091548
-8.512143504105143,-1.260158557197974
-3.9218707295709248,1.9852494945225474
3.182046250247261,-0.6961473304281568
-6.197262180088967,1.4120710092593833
7.065062894567976,2.975848789017598
-4.951098213513769,3.3051139804725023
-1.3535029474994573,-1.6764407360174598
-0.5585249542780168,-0.5317812122895607
-8.051984920162521,-2.22898268847974
-9.999982615131229,0.3896383615483593
-3.6715315305112473,-0.5032493715844277
7.793823685354578,1.206133094576852
7.475742029645222,1.2270375945416903
-9.182814882498176,0.35405261795146686
3.3728138518710082,-0.8612096359668419
7.833127744818128,2.3825517864364247
-0.6456125607344667,-0.35387717996282964
9.727589911674034,-0.20410772861662002
6.637629102136408,-0.8726277094268516
-1.4284250952215771,-2.1623478724872354
5.540104068049946,0.6620194662168177
6.986854371714642,2.2280503541386976
-2.9571969251499812,-1.7550743868474528
-3.2699209240546923,1.573690469489692
9.905109250244202,1.646828372133733
8.973346764335286,-2.5233042882282035
-1.7149601447799512,-1.9213311116381357
6.90471686932781,-0.09774680862021179
-5.9574817495002375,0.8027008600487533
2.5918403232311036,-0.32224800861785075
-6.705877712495365,-1.1566000308918305
-9.920467355798802,0.49959412113923884
-3.801929369323256,0.2671692303580384
-5.099808305437799,-0.4664428589785221
-9.517521829227732,0.783882613934237
9.885717329543748,-1.2038874061007572
1.2314106463770855,2.163754975656561
3.752323611727988,-2.2308907197300716
-7.671680170170725,-2.4133502494254384
-1.6591707885875184,-2.093777853010379
-6.8167504745334595,0.14670081398390544
-6.765627800058178,0.9033072394193205
-2.566645284037219,-1.1662614494605854
3.249672708206523,-0.2536615932536606
-0.8898240026134303,-4.070092792588428
-3.4396034691828277,0.12929390117257566
-5.237310656667475,2.283848056548919
-4.874393492729432,1.691610427619355
7.868288060939761,3.4313070700069748
4.8903787871760755,-1.7844547815019935
6.729781715890063,-1.4193308091159866
8.513575348027583,1.8954118341917048
-4.7837093544582405,1.5134019661915143
-1.3921489501894229,-2.427887842841119
-9.117227851847794,-1.9847286688390038
-8.167020560255011,-2.4586739976211915
5.107716474498083,-0.7175666101206783
-0.5131813833463426,-2.7808578159210784
2.92011573720767,-0.8866778038939345
5.159198212465924,-2.365466398025781
-5.221675432482602,3.2810120585480327
6.218402898999347,-0.5855064210967014
-0.5171806690956373,-2.2579996921667527
8.128116196510888,3.153386364381166
-6.009114104891367,0.5985488700553852
-4.605892872816768,1.5245296462895424
0.4944017099699991,2.550508517439412
-0.04928137219137341,-1.6784314704315872
1.5992646726380784,1.8161577990214972
2.409081537845818,2.0324133790997028
-8.84639711038095,-1.3815690425530902
-2.7954822261001677,0.2622249308201189
5.585990494602374,-0.5194997785507827
4.122764213747667,0.12749069965284665
-2.6661520567599606,-0.6179777892491111
7.65236021849142,3.847526377945793
-6.725750286801928,-1.0416746460689394
-8.769392730421451,-1.8338830278335452
2.468216031538093,1.3644024172139217
-0.2385873246574004,0.5495248599346896
9.08878094634683,0.5920410286536475
-6.593826204733166,-2.7263171768551895
4.729389206110861,-1.2112280070953823
-6.628336540000084,-1.1227642911173543
2.9423103254956455,1.131888960944859
3.3454747508166918,-2.2883763717456618
-9.634808558076902,1.0043253877720688
0.07686477938015557,0.07523808155409158
5.725210438663886,-1.641452061416055
5.440876581579449,-0.21353726831283582
-6.781133185781285,-1.4526657420678517
7.549283641674577,2.139446252974318
3.7214075808066482,-0.23751203900826745
0.988238811630687,1.9185003781151333
3.2970936588179747,-1.9923270908285853
-6.499496108181255,0.6109183004507256
4.697452256946013,-1.557726312535129
-2.1603661740629683,-2.307900012962948
1.199800292279562,3.860594442155775
-6.64542997503677,-0.658321975514039
-8.222944090816668,-2.7340667470942495
0.5728653458800181,2.103705641715133
4.512868033153808,-1.811615862832645
1.5558759013556323,3.1407196374605064
8.889854593292657,0.7436002316623705
-2.685326484347139,-1.3871872556884348
7.263273948498686,1.3669520480198551
9.748466609113816,0.6851138028735545
0.656791939652825,0.10668708248685421
7.5424720209501075,2.6672082923845712
-7.274282711391409,-1.5833422761131344
3.065526322035021,-0.594966279208398
2.9960167174634638,0.7366302675131592
-2.7157113971478335,-0.7315333158846404
-7.983589547723433,-1.6394926810460462
-6.113715310639254,-0.6658641794365789
2.7732079150714295,-0.13940418322236625
7.5701525259680835,0.8832368348318753
8.846859957336267,-0.18733570179272685
8.223696774223129,2.412151081150293
-7.8290954885267405,-2.099633333900779
-3.0916183423333905,-0.23783344220285801
-3.3946740665206914,0.838036633184075
7.978841104724463,2.4935551882749394
1.6030483014640993,1.4447313971691518
-2.39474923412768,-1.8362341725350235
-9.447377714350953,3.1509420924428797
-2.892324946330545,-0.3518249285674731
3.441060042054163,-0.8947037677996142
1.7918300998394248,1.5504326056670628
0.184120148316536,-1.2066839739605273
-5.288027745633568,2.4782395792576177
7.663514142479354,1.2641595417460072
-8.189196336889012,-0.7810842889950156
-8.301813525017614,-1.3116700162906272
7.823359733950188,3.037203791902431
-8.465522940429748,-2.5671687210049
1.8310321392272328,1.6725061011780176
2.0385379636771095,1.9997969375524365
-4.320208851126832,3.6182529587495798
-7.47121461087654,-1.6094293761975145
-2.3291300130417536,-2.273796830200923
4.919756894629186,-1.0123668655835538
2.8667473388438953,1.2437003725883573
5.326714889990598,-1.4346327044065716
-9.476320370801961,-2.29290969491782
9.408176326930711,0.502493091948742
-9.992287423073797,1.0900019451479095
-6.882768074116967,-1.055090005376225
3.8808858238869615,-0.7967058512193294
4.004093146123552,-1.7450617053147375
-7.840556092020905,-0.9452268694219894
4.734882624184873,-1.6674432118755147
-6.346444603962633,-0.4156773039720336
1.031140657178561,2.67851815969292
-3.9871184197621794,2.126698386454062
-1.3730435411292916,-1.2437944709386488
2.917001639476977,-0.31615703719242366
-7.919341662941736,-2.0976788615873807
-6.752032325809038,-1.3852864752650522
9.175997629812837,-0.10979573814984506
8.254086014598442,0.6508445085111807
9.65379412146888,-0.693465460433652
-7.231514393011118,-1.4693977802430243
-8.70911126857215,-1.354270099772855
-3.1518543428665406,0.8562815448844527
-2.0162873663463436,-2.903739359221329
-1.8487578736575365,-1.860210010733174
0.5251444116163047,0.44243111269093194
0.8394001120627852,1.5113288385220043
7.006471332703548,1.314157930255289
6.259961672939916,0.016320606857276036
-7.258539085937585,-3.1334987444296756
7.586062160029854,1.5965057893246157
7.946784213630973,4.504596473900228
5.683278937063523,-0.6219784572091653
0.5134765060819309,1.9202326160109902
9.700477783898794,-0.1611820822697757
9.861408897342475,0.21306767645098645
6.255964602439196,0.28281240390019485
2.5218469588006176,1.8457780341898449
-8.739899093545315,-0.47186073962592034
6.52250059014818,1.1630701088038138
0.2704504626477373,1.1805141691831444
-6.17902460754663,1.294926625620998
-3.0191252322909428,1.4504760345820031
-3.1565998458739886,-0.49480488206697654
2.152626864240787,2.5835290011514727
-3.987747694249828,0.3120627160889846
4.286096950037937,-4.392581502176369
-4.07033424362786,1.4881495109580711
-8.430922601257858,-0.31675655214570564
-4.772781246277464,1.4183265711041693
-8.141754108325852,-3.6656065383639103
5.236925382357942,-1.6203248744995207
3.03095784532508,0.5807578036258426
-7.542125530545074,-2.836189707800106
-6.540558221381696,-1.5898712135063597
9.395054193641045,0.22533558981559498
8.36539295531847,1.515175456231326
5.0389405150811974,-1.6332434463256003
-7.372327398581366,-4.307762322773033
-2.790111362904433,-1.8106821907145818
-9.682552906579954,0.3315912646898457
5.403339484308356,-2.4613851237509645
1.9339504091738924,1.7677262248330357
5.286158750532632,-1.5040080831881353
-6.745769580683172,-1.7025372741381908
-7.5320873717531605,-1.1801359217483753
-4.560094661758683,1.418579413184597
-6.494217573526047,-0.6209090943210278
8.609303199335116,1.483046380317408
-3.0244143843482156,-0.0937165336634471
1.1504863553053148,1.6784716460071052
1.3962116022093518,1.1738798875586582
1.8400423139731217,3.2237671313435308
0.43695037722460306,1.1656790587090406
-7.735567387076894,-0.4715610394956593
-7.661250872076848,-2.4689207298564773
-4.6928038257584115,2.613141968510829
-7.831932493804416,-4.595307912411569
1.8619303892588235,2.117473244321168
9.193537008268663,1.6884675654371282
-3.3988066424430468,-2.356251061934265
2.787811541908166,0.7169705100333064
9.71693734763251,-0.02874479949304265
-0.08109162100192435,-0.9652423609156058
-1.567296484720984,-1.4957425458005098
-4.288610011676559,1.0001558103888808
7.509852982752861,3.6310246210049817
-4.649846311677363,2.1144591265507606
0.8118923219132075,1.4985811988835982
7.648125129810584,2.304361819330809
1.0031311147514366,3.4422067535748195
3.068468501259794,0.3175802179497681
-7.5000376166555665,-3.024749952354223
-0.28028013842242316,-0.3317338780688839
2.116965732999116,-0.6190186178675938
-8.237658866941768,-0.9976702148001206
-1.7732681408575992,-0.5025742101190849
-3.1076352804809844,-0.9017873638116809
-4.871483488981632,2.293455852758159
-2.538539128242034,-0.13416465348233841
3.792295986062854,-1.7918970910161798
4.899189986057284,-2.323668996883719
4.857353272322435,-0.7799118752164513
9.127793209333937,-0.6748986725287965
6.977526650638783,2.6823739219077307
0.7433583148184812,1.037386762936579
2.3271900767006333,1.5573985270085657
2.9899262542904914,-0.2595896497375184
2.395358470506764,2.384586755971741
1.1619738270071132,1.7967773597223669
-7.3907362009149296,-3.2532822968756703
7.9120633770292805,0.40479782198970526
8.029877868026116,1.8509202315954805
-8.351483507515109,-0.472488048084198
3.187728041491587,0.32992120535334
-0.8618954591971661,-0.27313124906690067
-5.146175032265729,2.7057798286110586
-5.566959241286966,1.4119629689510134
-1.2885340597607389,-2.054839157144376
-6.662924503715201,-0.5005832755293801
-4.615840018842945,4.342686071853519
5.103531162060504,-1.4247756417939168
1.6537610629708759,2.760693729131023
-3.779516061472947,1.9284939415354512
6.18258030681999,-2.476601428100567
9.305768277291207,2.127723177277466
-3.5508380841823373,1.8055091877555984
5.769920897370644,-0.1300985623200227
-0.20043606592082597,-1.399485150999641
0.09037315619988284,-0.960507800323988
-2.5278677263516673,-1.0044994635491122
0.31980796709353854,0.3103488395218525
-6.377743181741629,0.46907806252555273
-3.6022978941457655,0.6686289797604974
2.7722060384890757,1.6057065880328223
-6.220269371694598,0.19546844075439274
-5.320512330451351,2.3352399175447807
5.970869884201846,-2.9258052975837474
-4.327221095244347,0.9577464512499223
9.912617687518914,-1.374062496804898
1.1036859388780034,2.6307313915157575
-8.86337099755095,-2.086950322840524
-9.372410160054375,0.48801278195394693
-6.468494031646519,0.30004166339119115
9.046561273854678,1.1958268911814613
-3.9100881884724803,2.080121292362829
4.1288816172785445,-1.5916811364308616
5.342773023821161,-1.3602980643444658
8.399205390980644,3.516509732898236
5.674189924955668,-1.3918373866736455
-8.966509057527173,0.30184124081958064
3.633055065832556,0.006679131946742745
4.026815983279237,-1.4358414164656026
-7.68639341886828,-1.4751097317352866
8.50618229304635,1.0795477755068101
-9.580019242680924,-0.20851664416506527
7.435100926017764,0.7649670180363182
6.901681673457809,1.6375967167177734
3.8563832173160506,-1.3336639539035064
8.758976859040956,0.5614302357047474
-4.005169958346581,0.8102680695081605
-1.8161857105999033,-1.0085640118301085
-0.18187062157443812,0.900628814359156
9.686369235397613,1.7603775952090932
4.015735025597202,-3.029910526608155
1.4434556882363943,0.8050766036576105
1.4366816166080092,2.0734453054500706
7.336979307736353,1.7630301023637998
-2.4729327519114292,-1.4385483372156973
-6.308664767510415,-1.757937528274528
7.199382673392048,1.1833947547401662
-9.57973917515195,1.661294951310797
-7.682112735704248,-2.0835866574595174
-1.9740774984765093,-1.36725687487532
-8.998978326440286,-0.776691402800565
-3.954681573610994,2.1781657939019876
-1.6708528430369043,-1.9833172740980514
4.710974994283488,-1.8123710351873141
6.878094529887775,0.9998146469419288
-9.028127191410519,-0.16708846259909627
-3.1040601298960286,1.0769622216579704
-3.4834386161491615,1.1114776330218112
8.862385778763475,2.266607007772195
-2.6200741520324655,-1.6525924548310664
-7.688279027192135,-1.6790686413024003
5.800052982790094,0.5965439740886331
4.544499144566579,-2.31396907030764
4.561561992554349,-2.6135318012682123
4.889000018651652,-2.0256805823336377
4.246057976201314,-1.3807766977795075
-7.219482674793141,-3.2641858707553757
4.795754256991508,-1.596642005759956
-5.4415930641289805,1.7719298763289903
-7.53278919728692,-2.185685335488007
1.917772254001724,2.372113852639877
8.931299806468406,0.06221169898141521
-9.172600770991338,-1.822219027232414
-1.825059390799959,0.9103182044698399
-9.060468007587598,0.437737949632117
6.417526610582421,0.3330023688339392
1.7102410901000837,3.3298993871988936
5.44038468146141,-1.1920190675368751
6.138133658950252,0.6719891235011415
9.860477580910732,-0.23350193621546356
7.5735175256392,0.9289255267859715
-7.118195644542653,-0.2913834170215823
8.565640327880693,0.7717233615020239
-3.0721911480117026,0.3637277606754941
3.1742947113114894,0.22866673145546737
-9.363237021819767,-1.0145545052739557
8.07305008950592,2.9057279827270563
-2.437193402394966,-0.7635754709519939
-4.712066200799445,2.147319356397758
-3.101469241452177,0.3122973588413269
-7.82973906223911,-4.317920748657548
-7.284489034761088,-0.7319680209217843
4.905985078622052,-2.3701325281374652
1.575397857856684,2.8547149495460373
-0.28529757140099576,-0.1113703468784259
-0.6384596108904184,-0.16594614030576516
9.22615718491128,0.025563296483025855
-2.9175236364692214,0.23592755733351573
2.618710151336682,1.0367256354574101
4.238958470261117,-3.0265903180077958
2.579241793489933,1.066981476890741
-9.07724561650104,-1.4287295324124338
-4.598922831834971,3.0500099774665737
5.666611190441076,-1.0016585170636294
9.52988104970126,-1.3676445904788912
3.034812845479655,0.14022778695959393
-7.985706498990963,-2.06422421925204
-0.736050177007856,-2.4929570328087283
-2.319322420696796,0.16505565364637342
-8.830829528368994,-1.4354105223741902
3.306745204095453,0.922216856517536
5.245615694813225,-3.805096814501554
8.293629487431652,4.58054753010708
-9.02300736665319,-1.2469334985293994
9.546587481325854,0.12557493403448342
2.410680990755072,2.2577315109213423
-6.463425515029013,-1.219949401605927
-2.7205857360861625,-0.9643101758941113
-9.206565972260723,0.8563477816383291
3.571893006620998,-0.2692371311577094
3.3612170797234917,-1.2456142632090859
-6.058443507745055,0.9395406138487323
1.8590067417406448,0.2821127974740829
8.20237186754266,2.252184198858157
-8.189386209780752,-2.282926998720803
4.755220613133966,-3.61962425765386
8.253461389337627,1.490922953454102
-5.867793315753119,1.044600343273193
3.482543153539945,-1.8707705211414973
8.234531915265528,4.2166608516693245
-1.5730983765099449,-2.3920803623775746
4.28074950275629,-1.2670821884521382
7.290546684921594,2.130505275776181
3.1043698654254825,0.7693825955626983
8.71650788444812,1.6768919900919315
-9.293397278633734,0.7514614530869503
9.507169884701632,0.48957999553799214
1.2115831384310098,3.5706423404577494
3.42268853655289,-1.0320494638257418
-9.53595729121519,-0.3620446022030893
-9.755944153398604,0.3232080568825725
1.7964114447400004,1.6474942896869962
-9.163613568596642,-1.2855080355255994
0.9873633822318268,1.3613316500230654
5.6483227264421725,-1.6094394485060062
-0.1447439907304826,-2.0749919059061495
2.3488832624830973,1.3601650333083375
-4.892161003008654,0.4764021223175392
9.769036267984301,-1.3898695087555124
-0.25896301653605747,-1.3774177411118858
-5.896879071803099,1.28548192147779
4.290529840496578,-1.071076569879396
2.2605478814561764,2.1519031389364205
-3.8604453912392085,0.10070840214113308
-6.706106792100219,0.8671092854647966
-5.985535601091283,1.0768946365344665
-6.449699390032439,-0.51386891435988
-5.988563346581078,0.8377443683792956
4.863754152570587,-0.6349007509897466
-2.318392255020152,-2.5242498017113544
-4.124271901891417,2.867190942576952
2.5996835997950605,2.3126428629008515
-0.489838421099563,0.19614438950822
9.50316594047392,-0.5858864625583838
-3.0470218670133846,-0.5102604517062085
-4.790170623147231,1.8786080050584886
6.714008377594844,0.32698968591183086
8.897859892689656,2.1360650556440675
3.6536858155630014,0.9139598163049916
-5.032211426748332,0.9440729324992088
4.051534771115751,-2.442281089743459
7.040048056128015,0.3873258581429435
-8.441653118454187,-1.9182381159281972
-6.22941257687629,-0.007053929796563024
6.852154663353435,1.1009846663406915
-7.225870151785061,-2.773953206747452
-1.1149055067948677,-1.7426318172992212
-3.8667439273471764,2.081849969572773
9.812215315579234,-0.3515885194219831
0.8923763818574333,1.2268486917327648
-6.998058288951481,-1.8236603781887113
-5.935514767633832,-0.14370030422314606
-2.66218351175874,-3.071423397981871
5.888781403148437,-0.9212870387688025
-4.643238631529297,3.319712920029022
-3.552016587744273,1.9940436308999692
4.111335350112471,-1.204164227734246
7.051358015781492,0.5749909295360821
9.849245002739778,-1.564768208361187
-8.563461778857134,-1.1731765079839955
7.73015106137624,1.4594040518525122
2.0701157088735727,2.259130696566872
-5.362932612659903,-1.6197740680006216
7.105813397303134,0.2072761486769783
-8.171346247696121,-2.3378558855624645
9.287539217752851,0.9079468242474602
-1.4793667101852837,-1.5867711468950962
-4.371863052622333,3.1135962087363893
-7.525343847064652,-2.3047530315147884
9.908608517066817,-0.7353998601462505
-6.213439492072537,-1.3870636347004122
-5.523226824859981,0.5911272958530636
-5.520494177073658,1.1982534440818378
-4.896004534819218,2.127320075755381
-9.058911003245779,-1.1081279829600887
6.984013350388473,1.3133586116142477
7.593135023889474,2.582881698224887
-8.019982158470958,-0.760748944097545
6.887392379474605,-0.09548726904830374
0.5820254633885078,0.7642574504959985
9.039531584364148,-2.049767914643513
-6.075503015448989,-0.27464944713853084
-7.704731037604979,-1.4952178905533704
-3.518755920594079,-0.5778994836800058
-2.8118027297090853,-1.4528334154332683
7.447070496019791,3.5944732928575216
8.71615580479569,1.9141659595739327
1.4655122624675325,0.5832999836704968
-0.7901245667032235,-2.1020280915442244
6.56814188944589,-1.3073144993033565
9.270046110915551,-0.3732106090156604
2.5870070408946066,1.5719803098630392
-4.59896203712836,1.8830526704312105
5.027937763300223,-0.2397503118112545
5.9551446332051565,-1.598733617920605
-1.8502739360533589,-1.7040192677164692
2.8324095192687757,1.504162173623058
-9.195982109239395,1.4728477580974932
6.0449347460502665,0.9092833207068034
2.572388352188673,0.9848610890934775
6.267694058227384,2.4698270557313733
8.02847417956847,3.156299109818142
7.201966908334107,1.7895403591469243
-4.269410969064252,1.7093054897760225
0.07341333339479661,0.7211123060492375
-6.122901522865658,2.4529289868101065
-4.69816693387653,2.8152984409742965
1.0954750710577237,-0.7588698865293253
9.557700836276808,0.3371311932620569
1.294278047557869,2.29786043547618
8.203470499863176,0.4719262991356259
4.486816665032176,-2.0378690723780366
-8.740000342222096,-1.2355955537728787
9.43614869981343,-0.934729862803085
-6.193571575441372,0.5484522766513624
-6.024257593540419,0.909865411916029
6.2463071991288786,0.6475657913615636
-3.664292245829217,0.7320497755385305
4.0448801267834416,-3.2860823582565413
-1.02580033294306,-1.3051171372651331
9.870600976284255,-0.21955663381262303
0.19960457550702237,1.106768093641542
0.9507658344089691,2.7892293031570046
4.29247152192805,-1.150522250549589
-6.128839464423477,0.7505214264531577
1.3988564143263957,2.856411631011559
-0.6362978835222002,-0.9124067953632844
-7.269550214144562,-3.385976270138326
6.80440187312265,0.25714854573066026
-3.665934493393843,-1.2236743722079988
-0.7454696087352435,-0.6028812939387643
7.690316438240867,1.9149243211562446
-5.686708104730743,1.0383075582633772
9.969774256668899,-0.5556551344936838
8.230478209154576,2.180524083119204
6.988461360400258,2.299156569949724
8.558640883090149,1.1217592373486593
-1.0384315014282013,-1.4218377472717862
-3.119556748167131,1.0193911902147674
9.61115461436447,-0.8031126617945488
2.738647957934413,-1.0425696739229533
0.7336400995376167,2.887665677959339
6.462913352188949,1.581365830287623
-9.42079371805269,0.3547803120336686
-7.016329793003493,0.10109748501144411
-3.7342477577839794,2.866079506749374
8.589078307421264,1.9860782915599449
-4.9816415405820225,2.7298244371650897
-5.126132012683087,0.6929192488476228
3.106172292936634,1.6210197394500392
-2.2864192391793985,-0.4487340942995903
-7.605817815679949,-1.9386349932678095
-4.369564064612561,1.4983673837331382
-9.28358589440813,0.45266946940001396
2.9748352288594937,1.7455059301832523
8.020622629236573,3.101943853446566
-5.187828235905925,0.5568945841723305
-4.745501088861386,1.4804648839815646
-5.528255631010803,1.655116164604372
3.8211390384462227,-1.2428809295230931
2.0943648114608884,0.04827109215756353
-6.3847107315249785,-0.08754763916054523
-5.465568768078917,1.9052095848406594
6.607282978385896,0.3005040913503672
5.642253783005874,-1.564521758826008
-4.068727658154168,2.455607501554078
9.508313336711577,-1.0376010158610174
-1.210110275434431,-0.21321581083015406
-0.03580050218531916,1.2761219285869658
3.4079643382575497,0.6455651711155176
5.4858145764091155,-3.648450697258252
1.7193807361832452,0.5511215164594585
6.567418405907226,-0.8148598594099835
-4.381832350440136,2.4416408801276885
7.485334733481299,1.3507458967999764
0.6449547294065621,1.0126639199227547
2.549076636392744,0.3487863194954317
-8.51513982278463,-2.710917675903998
2.154508355601765,0.5890146392490485
1.7448044304027182,2.474500767443859
-3.709334288359374,1.7003902283488606
-1.829481157562709,-0.45882006545555787
8.244149385221736,2.5063774968920973
2.39201984275258,0.3321623210354572
6.013392414327331,-0.5740946097441229
7.558488739105872,2.107611643091057
5.1117783828632355,-1.3753797446713643
8.698200689634994,0.707597967583783
8.747564424190134,0.10651663591091554
-1.3130731318970952,-1.5628729738349085
-5.621443056888184,1.1378575015711527
-9.224821224550869,-0.5505515141547519
1.3648375014232137,1.381325142808954
-9.061883568079539,-1.0261136311325165
1.1836245409835993,1.7327163952764013
5.042954755333515,-1.8418823932252997
-1.9404434770035266,-2.553408152727605
0.994888804346699,0.7089386456682679
2.844184874697559,0.878637314902448
-1.1989393648450708,-3.0823004971751233
-4.424678619398148,0.35156587934600236
7.336644442378315,2.9424140120153885
3.591243567329032,-0.46829425153995247
-4.982038952560892,2.851664246053497
-4.019168157050865,2.422297504559898
6.7875405173765735,-1.4011943611809083
-0.4372570207659354,-0.7506167219721097
-3.9824711512035265,0.6926252237785288
5.061604197125522,-1.9673384686981723
-4.010890339883679,1.8721734153226972
-7.000589091498801,-1.7460197271164148
0.8651120385228683,-0.20765377374545735
-4.589433109195122,2.2093815894545115
0.6493214463803092,2.7144465796683868
-3.6098807233814583,1.6775053619437168
7.32517331392722,1.3537425720033442
-6.308582847554258,-0.7966698023649674
-8.622661965842882,-2.867965850411151
0.7401029401615578,0.02945781667273817
-0.8003680523526135,-1.0123340151727365
0.8563995079655928,-0.12062728177182769
1.319699078222051,-0.06733525603298096
3.284412402281138,-0.14272615007838263
3.2977802504466673,-0.355251441852906
6.0458161291872905,0.2172431672240513
8.203403608524695,2.4881091912589266
0.06383097736721588,1.7891201168062476
7.949471499092091,2.437180811568279
-7.779313254371553,-0.9410587800904444
-5.960180477936749,-0.7179639359259916
-2.1621851624344757,-1.5967830466431059
-6.801388382095174,-0.6913547258129003
9.901556396719755,-1.6216435897131172
9.736998064388217,-1.720009590620073
4.659296453321923,-2.7798382016916157
-7.721760627723189,-1.367469349479065
0.927944361015868,1.0962601564630547
-4.114734530367192,2.032628500327944
-6.520397079964484,1.5054548025790897
-6.829139409850971,-0.4490660651410089
4.927637910111995,-2.1899551915586946
-0.05137529791358553,0.3363711969846199
-2.9496100231490896,-0.8685285334401782
-3.0042333021393475,-0.2886406612448709
3.280246616938136,1.0104771970873965
0.32344899291824447,-0.10733494415299127
-4.747443144297822,1.3381043420545493
2.038457238386677,2.3146200162303456
8.210384854894816,3.2894675505285926
-3.1283928148047195,0.2974419118255424
-6.793133683137573,-0.46286826338371123
5.263815882643808,-2.242118160770857
6.646876394988141,1.8456948579325436
1.5172623239425214,0.5903326935058877
9.209136952564833,-0.21059857955782563
-1.4878521006005823,-2.444430422696503
-4.5757895525916155,1.2063539462357205
5.691562499579707,-0.03564321724254671
8.779403307095986,0.6377404629381467
-2.925912200739389,-0.22513983611324329
-1.2773357595753936,-2.3684501453678743
9.233429755993779,-1.0003282380952123
9.870421561815252,-1.0117969912007772
-7.757670345790386,-0.767376069845636
-2.6195727849572537,-1.949829072710852
-0.6428373193426928,-1.32398224607164
2.721523160099453,0.7873679627098805
-0.8683392714486171,-1.16869550010024
-4.725154574527391,0.7906165563848073
5.878439353120061,-2.019290411801161
-8.984300924120978,-0.21744511690600565
0.1269395877351016,0.5801819391096144
-1.8151854893252306,-1.0741115990755987
-4.515683517076326,1.6570093802577628
-5.432402515943046,2.9797407252152124
4.758685288641274,-0.6146796520880982
-9.457056627482848,0.3726208756173952
0.3188718616670254,0.5459865361404279
1.930800546874444,2.2662359282579385
-3.237525536803723,0.16790215009689177
-0.8055515905563322,-1.9471079205120683
2.9573622015634164,-0.1140413416018562
1.3814066577260213,1.0212747364481194
-9.789440441165837,0.8614744153290068
1.7589675128136602,1.4920289206114006
6.978904576634633,1.4919189015610448
5.742241079282566,0.21713956193392248
-2.451906328149807,-1.1294549830474163
-0.2530104602050347,-1.9448597430592802
9.954607149106057,-1.761922760744512
0.1255204265230141,1.434189613972003
0.16024892802130353,1.7439629436746915
-7.959272583340676,-0.8928181051903039
3.136491601130551,2.0558757422265406
0.9998126006366057,0.5736079640353833
-2.0832326465793933,-0.681020215002061
-5.168153766450272,1.4352407144537418
9.779151356983427,-0.2055441636267164
9.847906196071282,-1.8766500405472126
-3.273568768275654,0.04626625651445229
8.59630195381817,1.6137226190096332
2.5627079692422683,1.0251933851536974
-3.261232763613373,0.06361084879307088
5.214760666345441,-1.898693209768008
-0.22904040630887934,-1.0994652794279225
3.266702370122953,0.8499434931291405
-2.825995974846034,-1.1467632005899908
-2.531353978793698,0.6126985646941172
1.013027607083739,1.048950224520683
-4.588267687576753,1.0557920669678587
-1.507758118585512,-4.084747050084609
-0.3075890094967608,0.5290364857763272
2.2932090474053766,1.550521088493377
3.522786226664948,-1.2237074969727402
-4.878200233602437,3.490744398522274
6.177727788275821,0.393065670016712
-3.0026301322917703,-0.6803433597349984
-9.610539628277945,3.153912486861804
-3.773226787312427,0.4400487448649033
-3.7003810088453086,0.5516639836916309
2.777076463120311,0.31511515859255745
0.1134701749559639,1.092132414561983
-3.340622809236981,1.6516396455353708
-8.891696780162054,-0.8940310301679675
-7.860347078614735,-2.515861222517879
-7.824134598122998,-3.8633171120776084
0.23856379842453812,0.31215229399665906
-2.7299215354602158,0.02808100486158427
5.406376090842986,-0.7322482790716818
7.79003840648706,2.262565910780014
-7.143057199776706,-0.14206124445276846
9.080865440185935,-1.0440228936483198
-1.5663911174604728,-1.387237705670795
2.9508495040195264,0.734721496886614
8.33409394380039,1.4988236429152815
-3.982980206320592,1.2239167779044902
6.4968823479999855,-0.6813240322894649
-7.314034616286939,-2.586439117739044
-4.193917611059323,2.8561206669107104
6.592093317744144,0.13903459652741768
-9.53479720461049,0.6057752467346621
0.28631051761782444,0.45734129527422807
1.8632749563202218,-0.4014608245254263
-9.971870005799818,0.6175202634919563
3.318693692632449,0.5800956213089092
6.725311485098025,0.6640786315815177
-7.778534666675647,-1.3225219839781097
-8.191360095452694,-0.7486184036460266
2.822426638352649,1.5807689501900222
-9.472037617341497,0.01855792761893507
-7.73954366625933,-1.2241841078786093
9.975223651214101,-1.517475254529646
6.32223825948153,-2.1856208974376186
-1.1555000582208041,-1.8360272859239586
8.259260420490389,3.167344970696461
-5.95211461963779,0.7623481954674467
-0.595570264994155,-2.0289673731851767
-6.690554580256101,-1.9551256526885918
-5.6036520088083215,2.847638856191595
-5.419806992601261,2.7813326733407937
-3.936618922466293,1.416922234146927
9.374192068911334,0.2851659818661044
9.329995402971658,0.06223468638415919
3.042299537481881,1.2622687894878533
-5.628691771412438,1.5293206124604377
9.251887916343865,-1.2027644471527252
-6.102781022879635,0.7046140486693442
-2.7007786224525887,-0.5348960295995577
-5.927625251072235,0.11126861706005708
8.782688609935434,-0.3338952296324589
-6.034063878534656,0.5425863427153516
2.7890598263356345,3.405830303495775
4.0339708605780835,-2.4766816109549707
5.965393452263159,-0.2771897253821978
5.021414304896783,-2.527343130459636
-7.4218523601499005,-0.3377799320323711
0.9893492975986522,1.1599742825593704
-0.8729200113856646,-0.9188466083635891
